{
    "1": {
        "model base": "B",
        "couche copiees": 1,
        "couche reentrainees": 7,
        "resultats": [
            98.3882573032091,
            98.81997409699237,
            98.44581954238019,
            98.90631745574903,
            99.07900417326233,
            98.93509857533458,
            99.03583249388402
        ]
    },
    "2": {
        "model base": "B",
        "couche copiees": 2,
        "couche reentrainees": 6,
        "resultats": [
            98.89192689595625,
            99.25169089077565,
            99.19412865160454,
            98.48899122175852,
            99.20851921139732,
            98.9207080155418,
            99.06461361346956
        ]
    },
    "3": {
        "model base": "B",
        "couche copiees": 3,
        "couche reentrainees": 5,
        "resultats": [
            98.8055835371996,
            99.38120592891063,
            99.20851921139732,
            98.89192689595625,
            99.25169089077565,
            99.35242480932509,
            99.17973809181177
        ]
    },
    "4": {
        "model base": "B",
        "couche copiees": 4,
        "couche reentrainees": 4,
        "resultats": [
            99.30925312994675,
            99.3955964887034,
            98.73363073823572,
            99.25169089077565,
            99.1077852928479,
            99.52511152683839,
            99.06461361346956
        ]
    },
    "5": {
        "model base": "B",
        "couche copiees": 5,
        "couche reentrainees": 3,
        "resultats": [
            99.30925312994675,
            99.56828320621672,
            99.42437760828896,
            99.33803424953231,
            99.4675492876673,
            99.20851921139732,
            99.36681536911786
        ]
    },
    "6": {
        "model base": "B",
        "couche copiees": 6,
        "couche reentrainees": 2,
        "resultats": [
            99.13656641243344,
            99.05022305367679,
            98.99266081450568,
            99.23730033098288,
            99.53950208663117,
            99.40998704849619,
            99.49633040725284
        ]
    },
    "7": {
        "model base": "B",
        "couche copiees": 7,
        "couche reentrainees": 1,
        "resultats": [
            99.52511152683839,
            99.55389264642395,
            99.25169089077565,
            99.43876816808174,
            99.49633040725284,
            99.55389264642395,
            99.33803424953231
        ]
    }
}