{
    "1" : {"model base": "A", "couche copiees": 1, "couche reentrainees": 8, "resultats": [98.48899122175852, 98.74802129802849, 98.31630450424521, 96.31601669304936, 98.24435170528133, 98.28752338465966, 98.3882573032091, 98.37386674341631, 98.74802129802849, 98.58972514030796]},
    "2" : {"model base": "A", "couche copiees": 2, "couche reentrainees": 8, "resultats": [98.04288386818247, 98.57533458051518, 98.51777234134408, 97.9709310692186, 98.87753633616347, 98.63289681968628, 97.99971218880414, 98.5609440207224, 97.82702547129084, 98.41703842279465]},
    "3" : {"model base": "A", "couche copiees": 3, "couche reentrainees": 8, "resultats": [98.57533458051518, 98.71924017844294, 98.97827025471291, 98.8055835371996, 98.44581954238019, 98.35947618362354, 98.81997409699237, 98.22996114548856, 98.40264786300187, 98.9207080155418]},
    "4" : {"model base": "A", "couche copiees": 4, "couche reentrainees": 8, "resultats": [98.46021010217298, 98.51777234134408, 98.46021010217298, 98.79119297740682, 98.90631745574903, 98.05727442797524, 98.67606849906461, 98.46021010217298, 98.37386674341631, 98.53216290113686]},
    "5" : {"model base": "A", "couche copiees": 5, "couche reentrainees": 8, "resultats": [98.43142898258742, 98.8055835371996, 98.79119297740682, 98.43142898258742, 98.69045905885739, 98.97827025471291, 98.01410274859693, 98.48899122175852, 98.8055835371996, 98.84875521657793]},
    "6" : {"model base": "A", "couche copiees": 6, "couche reentrainees": 8, "resultats": [98.58972514030796, 98.81997409699237, 98.58972514030796, 98.73363073823572, 98.73363073823572, 99.00705137429846, 97.85580659087638, 98.90631745574903, 98.76241185782126, 98.87753633616347]},
    "7" : {"model base": "A", "couche copiees": 7, "couche reentrainees": 8, "resultats": [99.00705137429846, 98.81997409699237, 98.70484961865017, 98.69045905885739, 98.69045905885739, 98.99266081450568, 98.46021010217298, 98.35947618362354, 98.47460066196575, 98.8631457763707]},
    "8" : {"model base": "A", "couche copiees": 8, "couche reentrainees": 8, "resultats": [99.03583249388402, 99.09339473305512, 99.2229097711901, 97.55360483522809, 99.13656641243344, 99.1077852928479, 98.8055835371996, 99.02144193409124, 99.00705137429846, 98.8055835371996]}
}