{
    "1": {"model base": "A", "couche copiees": 1, "couche reentrainees": 8, "resultats": [98.97827025471291, 99.09339473305512, 98.67606849906461, 98.2587422650741, 98.96387969492014, 98.60411570010073, 98.66167793927184, 99.15095697222623, 98.54655346092963, 98.74802129802849]}, 
    "2": {"model base": "A", "couche copiees": 2, "couche reentrainees": 8, "resultats": [98.73363073823572, 99.06461361346956, 99.06461361346956, 99.02144193409124, 98.9207080155418, 98.84875521657793, 99.09339473305512, 98.8631457763707, 98.84875521657793, 98.77680241761405]}, 
    "3": {"model base": "A", "couche copiees": 3, "couche reentrainees": 8, "resultats": [98.90631745574903, 98.28752338465966, 98.97827025471291, 98.69045905885739, 99.17973809181177, 98.99266081450568, 98.63289681968628, 99.165347532019, 98.63289681968628, 98.99266081450568]}, 
    "4": {"model base": "A", "couche copiees": 4, "couche reentrainees": 8, "resultats": [98.76241185782126, 99.13656641243344, 98.77680241761405, 98.99266081450568, 98.83436465678516, 99.07900417326233, 99.02144193409124, 99.17973809181177, 99.00705137429846, 98.69045905885739]}, 
    "5": {"model base": "A", "couche copiees": 5, "couche reentrainees": 8, "resultats": [98.94948913512735, 98.34508562383077, 99.20851921139732, 98.84875521657793, 98.94948913512735, 99.09339473305512, 98.97827025471291, 98.9207080155418, 98.74802129802849, 98.9207080155418]}, 
    "6": {"model base": "A", "couche copiees": 6, "couche reentrainees": 8, "resultats": [99.15095697222623, 98.9207080155418, 98.97827025471291, 99.12217585264067, 97.95654050942582, 98.81997409699237, 98.83436465678516, 99.2229097711901, 99.06461361346956, 98.73363073823572]}, 
    "7": {"model base": "A", "couche copiees": 7, "couche reentrainees": 8, "resultats": [98.8055835371996, 98.90631745574903, 98.96387969492014, 98.43142898258742, 98.89192689595625, 99.20851921139732, 99.03583249388402, 98.9207080155418, 98.89192689595625, 99.03583249388402]}, 
    "8": {"model base": "A", "couche copiees": 8, "couche reentrainees": 8, "resultats": [99.23730033098288, 99.00705137429846, 98.99266081450568, 98.87753633616347, 99.29486257015398, 99.1077852928479, 98.74802129802849, 98.89192689595625, 98.89192689595625, 98.8631457763707]}
}