{
    "1": {
        "model base": "B",
        "couche copiees": 1,
        "couche reentrainees": 7,
        "resultats": [
            99.20851921139732,
            98.9207080155418,
            98.51777234134408,
            98.8055835371996,
            99.02144193409124,
            98.99266081450568,
            98.87753633616347
        ]
    },
    "2": {
        "model base": "B",
        "couche copiees": 2,
        "couche reentrainees": 6,
        "resultats": [
            98.99266081450568,
            98.79119297740682,
            98.77680241761405,
            98.99266081450568,
            98.8055835371996,
            98.90631745574903,
            99.06461361346956
        ]
    },
    "3": {
        "model base": "B",
        "couche copiees": 3,
        "couche reentrainees": 5,
        "resultats": [
            98.77680241761405,
            98.8631457763707,
            98.99266081450568,
            99.25169089077565,
            99.05022305367679,
            98.94948913512735,
            98.5033817815513
        ]
    },
    "4": {
        "model base": "B",
        "couche copiees": 4,
        "couche reentrainees": 4,
        "resultats": [
            99.00705137429846,
            98.99266081450568,
            98.84875521657793,
            98.8055835371996,
            98.24435170528133,
            98.99266081450568,
            98.90631745574903
        ]
    },
    "5": {
        "model base": "B",
        "couche copiees": 5,
        "couche reentrainees": 3,
        "resultats": [
            98.37386674341631,
            98.67606849906461,
            98.66167793927184,
            97.79824435170528,
            98.93509857533458,
            98.22996114548856,
            98.67606849906461
        ]
    },
    "6": {
        "model base": "B",
        "couche copiees": 6,
        "couche reentrainees": 2,
        "resultats": [
            98.01410274859693,
            97.2514030795798,
            97.366527557922,
            97.51043315584977,
            97.366527557922,
            97.95654050942582,
            97.4240897970931
        ]
    },
    "7": {
        "model base": "B",
        "couche copiees": 7,
        "couche reentrainees": 1,
        "resultats": [
            85.26406677219744,
            85.4655346092963,
            85.39358181033242,
            85.17772341344079,
            85.0482083753058,
            84.97625557634191,
            85.47992516908907
        ]
    }
}