{"1": {"model base": "A", "couche copiees": 1, "couche reentrainees": 7, "resultats": [98.43142898258742, 98.87753633616347, 98.60411570010073, 97.85580659087638, 98.87753633616347, 98.87753633616347, 98.67606849906461, 99.02144193409124, 98.89192689595625, 98.22996114548856]}, "2": {"model base": "A", "couche copiees": 2, "couche reentrainees": 6, "resultats": [98.74802129802849, 98.2587422650741, 98.8631457763707, 98.99266081450568, 98.83436465678516, 99.1077852928479, 98.93509857533458, 99.13656641243344, 98.8631457763707, 98.94948913512735]}, "3": {"model base": "A", "couche copiees": 3, "couche reentrainees": 5, "resultats": [98.70484961865017, 98.05727442797524, 98.87753633616347, 98.5033817815513, 98.90631745574903, 98.69045905885739, 98.94948913512735, 98.8055835371996, 98.51777234134408, 98.79119297740682]}, "4": {"model base": "A", "couche copiees": 4, "couche reentrainees": 4, "resultats": [98.11483666714635, 98.94948913512735, 98.48899122175852, 98.64728737947907, 98.60411570010073, 98.71924017844294, 98.97827025471291, 98.74802129802849, 98.81997409699237, 99.02144193409124]}, "5": {"model base": "A", "couche copiees": 5, "couche reentrainees": 3, "resultats": [98.67606849906461, 98.44581954238019, 98.89192689595625, 98.8055835371996, 98.77680241761405, 98.14361778673191, 98.20118002590301, 98.81997409699237, 98.79119297740682, 98.73363073823572]}, "6": {"model base": "A", "couche copiees": 6, "couche reentrainees": 2, "resultats": [98.8631457763707, 98.3882573032091, 98.5033817815513, 98.79119297740682, 97.61116707439919, 98.330695064038, 98.61850625989351, 98.51777234134408, 98.83436465678516, 97.6687293135703]}, "7": {"model base": "A", "couche copiees": 7, "couche reentrainees": 1, "resultats": [98.30191394445244, 98.69045905885739, 98.63289681968628, 98.84875521657793, 98.70484961865017, 98.54655346092963, 98.35947618362354, 98.77680241761405, 98.83436465678516, 98.58972514030796]}, "8": {"model base": "A", "couche copiees": 8, "couche reentrainees": 0, "resultats": [98.43142898258742, 99.06461361346956, 98.37386674341631, 98.57533458051518, 98.79119297740682, 97.6687293135703, 98.37386674341631, 98.21557058569579, 98.5609440207224, 98.5033817815513]}}