{
    "model A": [99.3901574244788, 99.3901574244788, 99.33342788256985, 99.3901574244788, 99.40433980995603, 99.26251595518366, 99.31924549709261, 99.21996879875195, 98.25556658629982, 98.89377393277549],
    "model B": [98.5033817815513, 98.67606849906461, 98.93509857533458, 98.93509857533458, 98.96387969492014, 99.06461361346956, 98.18678946611023, 98.5609440207224, 98.90631745574903, 98.76241185782126]
}