{
    "1": {
        "model base": "B",
        "couche copiees": 1,
        "couche reentrainees": 7,
        "resultats": [
            98.73363073823572,
            99.07900417326233,
            98.57533458051518,
            98.97827025471291,
            98.74802129802849,
            99.165347532019,
            98.66167793927184
        ]
    },
    "2": {
        "model base": "B",
        "couche copiees": 2,
        "couche reentrainees": 6,
        "resultats": [
            99.15095697222623,
            99.07900417326233,
            98.89192689595625,
            99.07900417326233,
            99.12217585264067,
            99.07900417326233,
            98.8631457763707
        ]
    },
    "3": {
        "model base": "B",
        "couche copiees": 3,
        "couche reentrainees": 5,
        "resultats": [
            99.06461361346956,
            98.93509857533458,
            98.67606849906461,
            99.06461361346956,
            99.13656641243344,
            98.77680241761405,
            99.1077852928479
        ]
    },
    "4": {
        "model base": "B",
        "couche copiees": 4,
        "couche reentrainees": 4,
        "resultats": [
            98.76241185782126,
            99.25169089077565,
            99.40998704849619,
            99.28047201036121,
            99.25169089077565,
            99.30925312994675,
            99.13656641243344
        ]
    },
    "5": {
        "model base": "B",
        "couche copiees": 5,
        "couche reentrainees": 3,
        "resultats": [
            99.26608145056842,
            99.23730033098288,
            99.02144193409124,
            99.3955964887034,
            99.25169089077565,
            99.3955964887034,
            99.3955964887034
        ]
    },
    "6": {
        "model base": "B",
        "couche copiees": 6,
        "couche reentrainees": 2,
        "resultats": [
            99.4675492876673,
            99.19412865160454,
            99.29486257015398,
            99.61145488559505,
            99.3955964887034,
            99.53950208663117,
            99.48193984746007
        ]
    },
    "7": {
        "model base": "B",
        "couche copiees": 7,
        "couche reentrainees": 1,
        "resultats": [
            99.35242480932509,
            99.36681536911786,
            99.40998704849619,
            99.6977982443517,
            99.35242480932509,
            99.42437760828896,
            99.58267376600949
        ]
    }
}