{"1": {"model base": "B", "couche copiees": 1, "couche reentrainees": 8, "resultats": [98.90631745574903, 98.87753633616347, 98.9207080155418, 98.70484961865017, 98.93509857533458, 98.44581954238019, 98.73363073823572, 98.70484961865017, 98.79119297740682, 97.76946323211973]}, "2": {"model base": "B", "couche copiees": 2, "couche reentrainees": 8, "resultats": [98.77680241761405, 98.64728737947907, 99.02144193409124, 98.90631745574903, 99.1077852928479, 98.9207080155418, 98.35947618362354, 98.97827025471291, 99.12217585264067, 98.67606849906461]}, "3": {"model base": "B", "couche copiees": 3, "couche reentrainees": 8, "resultats": [98.84875521657793, 98.44581954238019, 99.03583249388402, 98.70484961865017, 98.94948913512735, 99.00705137429846, 98.97827025471291, 98.51777234134408, 98.8631457763707, 98.93509857533458]}, "4": {"model base": "B", "couche copiees": 4, "couche reentrainees": 8, "resultats": [98.18678946611023, 98.89192689595625, 99.15095697222623, 98.44581954238019, 98.66167793927184, 98.43142898258742, 98.77680241761405, 98.93509857533458, 98.89192689595625, 98.63289681968628]}, "5": {"model base": "B", "couche copiees": 5, "couche reentrainees": 8, "resultats": [99.03583249388402, 99.07900417326233, 98.64728737947907, 98.83436465678516, 98.63289681968628, 99.15095697222623, 99.23730033098288, 98.93509857533458, 98.9207080155418, 98.94948913512735]}, "6": {"model base": "B", "couche copiees": 6, "couche reentrainees": 8, "resultats": [99.23730033098288, 99.165347532019, 98.96387969492014, 98.93509857533458, 98.8055835371996, 99.09339473305512, 98.17239890631745, 98.87753633616347, 99.06461361346956, 99.02144193409124]}, "7": {"model base": "B", "couche copiees": 7, "couche reentrainees": 8, "resultats": [98.89192689595625, 98.53216290113686, 99.07900417326233, 99.12217585264067, 99.13656641243344, 98.64728737947907, 98.87753633616347, 99.17973809181177, 98.48899122175852, 99.05022305367679]}, "8": {"model base": "B", "couche copiees": 8, "couche reentrainees": 8, "resultats": [99.02144193409124, 99.03583249388402, 99.13656641243344, 98.90631745574903, 98.93509857533458, 99.13656641243344, 99.06461361346956, 99.07900417326233, 98.94948913512735, 98.46021010217298]}}