{"1": {"model base": "B", "couche copiees": 1, "couche reentrainees": 7, "resultats": [99.05022305367679, 98.12922722693912, 98.60411570010073, 98.63289681968628, 98.8631457763707, 98.79119297740682, 98.69045905885739, 99.00705137429846, 98.57533458051518, 98.76241185782126]}, "2": {"model base": "B", "couche copiees": 2, "couche reentrainees": 6, "resultats": [98.8055835371996, 98.90631745574903, 98.8055835371996, 98.9207080155418, 98.76241185782126, 98.93509857533458, 98.87753633616347, 98.8631457763707, 98.46021010217298, 98.8055835371996]}, "3": {"model base": "B", "couche copiees": 3, "couche reentrainees": 5, "resultats": [98.87753633616347, 97.65433875377752, 98.79119297740682, 98.9207080155418, 98.64728737947907, 98.87753633616347, 99.03583249388402, 98.47460066196575, 98.53216290113686, 98.9207080155418]}, "4": {"model base": "B", "couche copiees": 4, "couche reentrainees": 4, "resultats": [98.63289681968628, 98.67606849906461, 98.84875521657793, 98.84875521657793, 98.46021010217298, 98.5609440207224, 98.44581954238019, 98.8055835371996, 98.15800834652468, 98.69045905885739]}, "5": {"model base": "B", "couche copiees": 5, "couche reentrainees": 3, "resultats": [98.8055835371996, 98.79119297740682, 98.84875521657793, 98.74802129802849, 98.8055835371996, 95.88429989926608, 98.5033817815513, 98.18678946611023, 98.20118002590301, 98.01410274859693]}, "6": {"model base": "B", "couche copiees": 6, "couche reentrainees": 2, "resultats": [98.87753633616347, 98.43142898258742, 98.5609440207224, 98.51777234134408, 98.18678946611023, 98.15800834652468, 98.90631745574903, 98.63289681968628, 97.88458771046194, 98.11483666714635]}, "7": {"model base": "B", "couche copiees": 7, "couche reentrainees": 1, "resultats": [98.58972514030796, 98.58972514030796, 97.52482371564254, 98.46021010217298, 98.81997409699237, 98.66167793927184, 96.10015829615772, 98.34508562383077, 98.41703842279465, 98.60411570010073]}, "8": {"model base": "B", "couche copiees": 8, "couche reentrainees": 0, "resultats": [98.70484961865017, 98.70484961865017, 98.5609440207224, 96.38796949201324, 98.53216290113686, 98.66167793927184, 98.05727442797524, 98.71924017844294, 98.11483666714635, 98.70484961865017]}}