{
    "1": {
        "model base": "B",
        "couche copiees": 1,
        "couche reentrainees": 7,
        "resultats": [
            98.99266081450568,
            99.02144193409124,
            98.94948913512735,
            98.99266081450568,
            99.06461361346956,
            98.61850625989351,
            98.87753633616347
        ]
    },
    "2": {
        "model base": "B",
        "couche copiees": 2,
        "couche reentrainees": 6,
        "resultats": [
            98.97827025471291,
            98.96387969492014,
            99.05022305367679,
            98.76241185782126,
            98.8631457763707,
            98.47460066196575,
            98.61850625989351
        ]
    },
    "3": {
        "model base": "B",
        "couche copiees": 3,
        "couche reentrainees": 5,
        "resultats": [
            99.15095697222623,
            98.69045905885739,
            98.83436465678516,
            98.76241185782126,
            98.63289681968628,
            98.67606849906461,
            98.35947618362354
        ]
    },
    "4": {
        "model base": "B",
        "couche copiees": 4,
        "couche reentrainees": 4,
        "resultats": [
            99.05022305367679,
            98.89192689595625,
            99.07900417326233,
            99.165347532019,
            98.9207080155418,
            99.1077852928479,
            98.99266081450568
        ]
    },
    "5": {
        "model base": "B",
        "couche copiees": 5,
        "couche reentrainees": 3,
        "resultats": [
            98.76241185782126,
            98.70484961865017,
            98.5033817815513,
            99.06461361346956,
            99.12217585264067,
            99.00705137429846,
            98.79119297740682
        ]
    },
    "6": {
        "model base": "B",
        "couche copiees": 6,
        "couche reentrainees": 2,
        "resultats": [
            99.00705137429846,
            99.03583249388402,
            98.96387969492014,
            98.31630450424521,
            98.96387969492014,
            99.06461361346956,
            98.83436465678516
        ]
    },
    "7": {
        "model base": "B",
        "couche copiees": 7,
        "couche reentrainees": 1,
        "resultats": [
            99.03583249388402,
            98.8631457763707,
            98.8631457763707,
            99.02144193409124,
            98.94948913512735,
            98.8631457763707,
            98.90631745574903
        ]
    }
}