{
    "1" : {"model base": "A", "couche copiees": 1, "couche reentrainees": 7, "resultats": [98.40264786300187, 98.40264786300187, 98.8055835371996, 98.53216290113686, 98.79119297740682, 98.35947618362354, 98.84875521657793, 97.68311987336307, 98.57533458051518, 98.96387969492014]},
    "2" : {"model base": "A", "couche copiees": 2, "couche reentrainees": 6, "resultats": [98.330695064038, 98.53216290113686, 98.330695064038, 98.35947618362354, 98.57533458051518, 98.61850625989351, 98.61850625989351, 98.47460066196575, 98.44581954238019, 98.70484961865017]},
    "3" : {"model base": "A", "couche copiees": 3, "couche reentrainees": 5, "resultats": [98.48899122175852, 98.20118002590301, 97.6687293135703, 98.30191394445244, 98.21557058569579, 98.5609440207224, 97.45287091667866, 98.21557058569579, 98.14361778673191, 98.37386674341631]},
    "4" : {"model base": "A", "couche copiees": 4, "couche reentrainees": 4, "resultats": [98.330695064038, 98.5609440207224, 98.76241185782126, 20.434594905741832, 97.58238595481365, 97.98532162901137, 98.0860555475608, 98.43142898258742, 98.67606849906461, 98.57533458051518]},
    "5" : {"model base": "A", "couche copiees": 5, "couche reentrainees": 3, "resultats": [97.71190099294863, 97.65433875377752, 97.75507267232696, 98.20118002590301, 97.76946323211973, 82.84645272701108, 98.47460066196575, 78.44294143042164, 98.64728737947907, 93.4235141747014]},
    "6" : {"model base": "A", "couche copiees": 6, "couche reentrainees": 2, "resultats": [97.51043315584977, 97.98532162901137, 98.43142898258742, 98.35947618362354, 98.0284933083897, 97.49604259605698, 97.99971218880414, 98.34508562383077, 98.3882573032091, 54.353144337314724]},
    "7" : {"model base": "A", "couche copiees": 7, "couche reentrainees": 1, "resultats": [98.330695064038, 98.31630450424521, 98.05727442797524, 98.14361778673191, 98.20118002590301, 98.12922722693912, 98.22996114548856, 97.87019715066916, 98.04288386818247, 98.05727442797524]},
    "8" : {"model base": "A", "couche copiees": 8, "couche reentrainees": 0, "resultats": [96.8916390847604, 98.46021010217298, 97.6687293135703, 97.62555763419196, 98.37386674341631, 98.30191394445244, 98.69045905885739, 96.04259605698661, 98.0284933083897, 97.61116707439919]}
}