{
    "model A" : [99.00723301659339, 99.07814494397958, 98.51084952489009, 97.56062969791519, 98.7803148489576, 98.85122677634378, 98.69522053609417, 99.14905687136576, 98.92213870372997, 98.90795631825273],
    "model B" : [98.76241185782126, 98.37386674341631, 98.40264786300187, 98.5609440207224, 98.74802129802849, 98.53216290113686, 98.34508562383077, 98.63289681968628, 98.60411570010073, 98.2587422650741]
}