{
    "1" : {"model base": "B", "couche copiees": 1, "couche reentrainees": 8, "resultats": [98.35947618362354, 98.41703842279465, 98.71924017844294, 98.30191394445244, 98.51777234134408, 98.83436465678516, 98.77680241761405, 98.73363073823572, 19.52798963879695, 98.34508562383077]},
    "2" : {"model base": "B", "couche copiees": 2, "couche reentrainees": 8, "resultats": [98.40264786300187, 98.51777234134408, 98.07166498776803, 98.5609440207224, 98.81997409699237, 98.330695064038, 98.70484961865017, 98.57533458051518, 98.67606849906461, 98.0284933083897]},
    "3" : {"model base": "B", "couche copiees": 3, "couche reentrainees": 8, "resultats": [98.74802129802849, 98.58972514030796, 98.46021010217298, 98.74802129802849, 98.76241185782126, 98.15800834652468, 98.40264786300187, 98.61850625989351, 98.35947618362354, 98.8055835371996]},
    "4" : {"model base": "B", "couche copiees": 4, "couche reentrainees": 8, "resultats": [98.76241185782126, 98.5033817815513, 97.88458771046194, 98.5033817815513, 98.330695064038, 98.07166498776803, 98.69045905885739, 98.20118002590301, 98.22996114548856, 98.94948913512735]},
    "5" : {"model base": "B", "couche copiees": 5, "couche reentrainees": 8, "resultats": [98.57533458051518, 98.15800834652468, 98.89192689595625, 98.58972514030796, 98.90631745574903, 98.37386674341631, 98.8631457763707, 98.73363073823572, 98.60411570010073, 98.87753633616347]},
    "6" : {"model base": "B", "couche copiees": 6, "couche reentrainees": 8, "resultats": [99.00705137429846, 98.8055835371996, 98.83436465678516, 98.73363073823572, 98.66167793927184, 98.34508562383077, 99.06461361346956, 98.94948913512735, 98.77680241761405, 98.9207080155418]},
    "7" : {"model base": "B", "couche copiees": 7, "couche reentrainees": 8, "resultats": [98.94948913512735, 98.67606849906461, 99.06461361346956, 98.9207080155418, 98.66167793927184, 98.93509857533458, 98.8055835371996, 98.51777234134408, 98.70484961865017, 98.93509857533458]},
    "8" : {"model base": "B", "couche copiees": 8, "couche reentrainees": 8, "resultats": [98.90631745574903, 98.48899122175852, 98.46021010217298, 98.96387969492014, 98.8631457763707, 98.77680241761405, 98.87753633616347, 98.5609440207224, 99.06461361346956, 99.06461361346956]}
} 