{
    "1" : {"model base": "B", "couche copiees": 1, "couche reentrainees": 7, "resultats": [98.83436465678516, 98.46021010217298, 98.51777234134408, 98.58972514030796, 97.68311987336307, 98.79119297740682, 98.60411570010073, 98.57533458051518, 98.41703842279465, 98.81997409699237]},
    "2" : {"model base": "B", "couche copiees": 2, "couche reentrainees": 6, "resultats": [98.48899122175852, 98.12922722693912, 98.57533458051518, 98.64728737947907, 98.3882573032091, 98.94948913512735, 98.54655346092963, 98.54655346092963, 98.53216290113686, 98.61850625989351]},
    "3" : {"model base": "B", "couche copiees": 3, "couche reentrainees": 5, "resultats": [98.34508562383077, 98.48899122175852, 98.05727442797524, 98.22996114548856, 97.7838537919125, 98.44581954238019, 97.81263491149805, 97.74068211253417, 98.27313282486689, 98.51777234134408]},
    "4" : {"model base": "B", "couche copiees": 4, "couche reentrainees": 4, "resultats": [98.40264786300187, 97.99971218880414, 98.79119297740682, 98.44581954238019, 97.49604259605698, 98.63289681968628, 98.17239890631745, 97.58238595481365, 98.01410274859693, 98.35947618362354]},
    "5" : {"model base": "B", "couche copiees": 5, "couche reentrainees": 3, "resultats": [98.14361778673191, 97.82702547129084, 97.71190099294863, 97.39530867750756, 97.81263491149805, 97.65433875377752, 97.91336883004749, 97.9709310692186, 98.22996114548856, 97.99971218880414]},
    "6" : {"model base": "B", "couche copiees": 6, "couche reentrainees": 2, "resultats": [98.22996114548856, 96.24406389408549, 97.32335587854368, 98.21557058569579, 98.37386674341631, 97.33774643833645, 98.01410274859693, 98.01410274859693, 98.12922722693912, 97.68311987336307]},
    "7" : {"model base": "B", "couche copiees": 7, "couche reentrainees": 1, "resultats": [98.60411570010073, 98.24435170528133, 97.94214994963303, 96.74773348683264, 97.48165203626421, 98.35947618362354, 98.20118002590301, 98.0860555475608, 98.20118002590301, 98.64728737947907]},
    "8" : {"model base": "B", "couche copiees": 8, "couche reentrainees": 0, "resultats": [97.95654050942582, 96.73334292703986, 98.30191394445244, 97.1938408404087, 97.45287091667866, 97.71190099294863, 95.1503813498345, 97.04993524248093, 97.28018419916535, 98.27313282486689]}
} 